立创商城BOM报价单,,,,,,,,,,,,,,,,,,,,,,,,,,,,,,,,,,,,,,,,,,,,,,,
BOM配单编号：BOM260604008197,,,,,上传时间：2026-06-04 22:23:11,,,,"1.名称释义：MPQ--最小包装量；MOQ--最小起订量；
2.匹配结果为实时查询结果，库存和价格可能会有波动。如超过24小时，请在立创商城重新匹配后下单；
3.订货商品的价格仅供参考，请提交订单后确定。
4.如有部分物料未能成功匹配，需要整单购买，请联系商城客服。",,,,,,,,,,,,,,,,,,,,,,,,,,,,,,,,,,,,,,
BOM名称：1111E4-立创_20260604,,,,,采购套数：1,,,,,,,,,,,,,,,,,,,,,,,,,,,,,,,,,,,,,,,,,,
"商品总价:￥614.33 (原价:￥647.25, 折扣:-￥32.92) 
注：报价单总价不含待确认和无法匹配项",,,,,网址：https://bom.szlcsc.com/bom.html,,,,,,,,,,,,,,,,,,,,,,,,,,,,,,,,,,,,,,,,,,
原始需求,,,,,,,,,,,,,,,,,,,,,,,,,,,,,匹配结果,,,,,,,订单满足,,,,,,,,,,,
型号,品牌,封装,名称,商品编号,原始型号,原始品牌,C编码,编号,位号,数量,供应商编号,单价,匹配结果,商品名称,封装,参数,目录,商品链接,渠道,交期,MOQ,MPQ,库存,购买数量,单价(RMB),关税税率,小计(RMB),备注,匹配结果,商品名称,型号,品牌,封装,参数,目录,商品编号,商品链接,渠道,交期,MOQ,MPQ,库存,购买数量,单价(RMB),关税税率,小计(RMB),备注
CL05C100JB5NNNC,SAMSUNG(三星),C_0402_1005Metric,10pF,C32949,,,,1,"C1, C2",2,,,系统匹配,10pF ±5% 50V,0402,容值:10pF 精度:±5% 额定电压:50V 温度系数:C0G,电容,https://item.szlcsc.com/33914.html,现货,4小时内发货,50,10000,30850,50,0.0317,0,1.59,,系统匹配,10pF ±5% 50V,CL05C100JB5NNNC,SAMSUNG(三星),0402,容值：10pF 精度：±5% 额定电压：50V 温度系数：C0G,电容,C32949,https://item.szlcsc.com/33914.html,现货,4小时内发货,50,10000,30800,50,0.0317,0,1.59,
CL10A475KO8NNNC,SAMSUNG(三星),C_0603_1608Metric,4.7uF,C19666,,,,2,"C3, C17",2,,,系统匹配,4.7uF ±10% 16V,0603,容值:4.7uF 精度:±10% 额定电压:16V 温度系数:X5R,电容,https://item.szlcsc.com/20375.html,现货,4小时内发货,10,4000,55460,10,0.0856,0,0.86,,系统匹配,4.7uF ±10% 16V,CL10A475KO8NNNC,SAMSUNG(三星),0603,容值：4.7uF 精度：±10% 额定电压：16V 温度系数：X5R,电容,C19666,https://item.szlcsc.com/20375.html,现货,4小时内发货,10,4000,55390,10,0.0856,0,0.86,
CL05B104KO5NNNC,SAMSUNG(三星),C_0402_1005Metric,100nF,C1525,,,,3,"C4, C13",2,,,系统匹配,100nF ±10% 16V,0402,容值:100nF 精度:±10% 额定电压:16V 温度系数:X7R,电容,https://item.szlcsc.com/1877.html,现货,4小时内发货,100,10000,10000,100,0.0104,0,1.04,,系统匹配,100nF ±10% 16V,CL05B104KO5NNNC,SAMSUNG(三星),0402,容值：100nF 精度：±10% 额定电压：16V 温度系数：X7R,电容,C1525,https://item.szlcsc.com/1877.html,现货,4小时内发货,100,10000,10000,100,0.0104,0,1.04,
CL10B104KA8NNNC,SAMSUNG(三星),C_0603_1608Metric,100nF,C1590,,,,4,"C5, C6, C7, C8, C9, C10, C11, C15, C16, C18, C19, C45, C46, C48, C49, C50, C51, C52, C53, C54, C55, C56, C57, C71, C73, C75, C77, C78, C79, C80, C82, C86, C98, C100, C103, C104, C106, C109, C110, C111, C112, C113, C114, C115, C116, C117, C118, C120, C121, C122, C123, C145, C147, C156, C158, C159, C161, C165, C169, C170",60,,,系统匹配,100nF ±10% 25V,0603,容值:100nF 精度:±10% 额定电压:25V 温度系数:X7R,电容,https://item.szlcsc.com/1942.html,现货,4小时内发货,100,4000,4000,100,0.0297,0,2.97,,系统匹配,100nF ±10% 25V,CL10B104KA8NNNC,SAMSUNG(三星),0603,容值：100nF 精度：±10% 额定电压：25V 温度系数：X7R,电容,C1590,https://item.szlcsc.com/1942.html,现货,4小时内发货,100,4000,4100,100,0.0297,0,2.97,
CL05A105KA5NQNC,SAMSUNG(三星),C_0402_1005Metric,1uF,C52923,,,,5,C12,1,,,系统匹配,1uF ±10% 25V,0402,容值:1uF 精度:±10% 额定电压:25V 温度系数:X5R,电容,https://item.szlcsc.com/53938.html,现货,4小时内发货,100,10000,10000,100,0.0325,0,3.25,,系统匹配,1uF ±10% 25V,CL05A105KA5NQNC,SAMSUNG(三星),0402,容值：1uF 精度：±10% 额定电压：25V 温度系数：X5R,电容,C52923,https://item.szlcsc.com/53938.html,现货,4小时内发货,100,10000,10000,100,0.0325,0,3.25,
CL10A105KB8NNNC,SAMSUNG(三星),C_0603_1608Metric,1uF,C15849,,,,6,"C14, C27, C28, C33, C34, C126, C127, C131, C132, C136, C137, C138, C139, C140, C141, C142, C143, C166, C167",19,,,系统匹配,1uF ±10% 50V,0603,容值:1uF 精度:±10% 额定电压:50V 温度系数:X5R,电容,https://item.szlcsc.com/16531.html,现货,4小时内发货,50,4000,4000,50,0.0665,0,3.33,,系统匹配,1uF ±10% 50V,CL10A105KB8NNNC,SAMSUNG(三星),0603,容值：1uF 精度：±10% 额定电压：50V 温度系数：X5R,电容,C15849,https://item.szlcsc.com/16531.html,现货,4小时内发货,50,4000,4050,50,0.0665,0,3.33,
CC0603JRNPO9BN121,YAGEO(国巨),C_0603_1608Metric,120pF,C107035,,,,7,"C20, C30, C40, C41",4,,,系统匹配,120pF ±5% 50V,0603,容值:120pF 精度:±5% 额定电压:50V 温度系数:NP0,电容,https://item.szlcsc.com/108251.html,现货,4小时内发货,100,4000,419600,100,0.0387,0,3.87,,系统匹配,120pF ±5% 50V,CC0603JRNPO9BN121,YAGEO(国巨),0603,容值：120pF 精度：±5% 额定电压：50V 温度系数：NP0,电容,C107035,https://item.szlcsc.com/108251.html,现货,4小时内发货,100,4000,419600,100,0.0387,0,3.87,
CL10C101JB8NNNC,SAMSUNG(三星),C_0603_1608Metric,100pF,C14858,,,,8,"C21, C22, C29, C31, C38, C39, C42, C43",8,,,系统匹配,100pF ±5% 50V,0603,容值:100pF 精度:±5% 额定电压:50V 温度系数:C0G,电容,https://item.szlcsc.com/15530.html,现货,4小时内发货,100,4000,40500,100,0.0317,0,3.17,,系统匹配,100pF ±5% 50V,CL10C101JB8NNNC,SAMSUNG(三星),0603,容值：100pF 精度：±5% 额定电压：50V 温度系数：C0G,电容,C14858,https://item.szlcsc.com/15530.html,现货,4小时内发货,100,4000,36500,100,0.0317,0,3.17,
CC0603JRNPO9BN751,YAGEO(国巨),C_0603_1608Metric,750pF,C113798,,,,9,"C23, C32, C124, C125",4,,,系统匹配,750pF ±5% 50V,0603,容值:750pF 精度:±5% 额定电压:50V 温度系数:NP0,电容,https://item.szlcsc.com/115034.html,现货,4小时内发货,100,4000,15800,100,0.0363,0,3.63,,系统匹配,750pF ±5% 50V,CC0603JRNPO9BN751,YAGEO(国巨),0603,容值：750pF 精度：±5% 额定电压：50V 温度系数：NP0,电容,C113798,https://item.szlcsc.com/115034.html,现货,4小时内发货,100,4000,15800,100,0.0363,0,3.63,
CL05C101JB5NNNC,SAMSUNG(三星),C_0402_1005Metric,100pF,C26409,,,,10,"C24, C25, C26, C35, C36, C37, C128, C129, C130, C133, C134, C135",12,,,系统匹配,100pF ±5% 50V,0402,容值:100pF 精度:±5% 额定电压:50V 温度系数:C0G,电容,https://item.szlcsc.com/27153.html,现货,4小时内发货,100,10000,95300,100,0.0292,0,2.92,,系统匹配,100pF ±5% 50V,CL05C101JB5NNNC,SAMSUNG(三星),0402,容值：100pF 精度：±5% 额定电压：50V 温度系数：C0G,电容,C26409,https://item.szlcsc.com/27153.html,现货,4小时内发货,100,10000,95300,100,0.0292,0,2.92,
CL10A106KP8NNNC,SAMSUNG(三星),C_0603_1608Metric,10uF,C19702,,,,11,"C44, C47, C58, C59, C60, C61, C62, C63, C64, C65, C66, C67, C68, C69, C70, C72, C74, C76, C81, C83, C84, C85, C87, C88, C89, C90, C91, C92, C93, C94, C95, C96, C97, C99, C101, C102, C105, C107, C108, C119, C144, C146, C152, C153, C155, C157, C160, C162, C163",49,,,系统匹配,10uF ±10% 10V,0603,容值:10uF 精度:±10% 额定电压:10V 温度系数:X5R,电容,https://item.szlcsc.com/20411.html,现货,4小时内发货,20,4000,4000,60,0.085,0,5.10,,系统匹配,10uF ±10% 10V,CL10A106KP8NNNC,SAMSUNG(三星),0603,容值：10uF 精度：±10% 额定电压：10V 温度系数：X5R,电容,C19702,https://item.szlcsc.com/20411.html,现货,4小时内发货,20,4000,4040,60,0.085,0,5.10,
CL10A335KP8NNNC,SAMSUNG(三星),C_0603_1608Metric,3.3uF,C51412,,,,12,"C148, C149, C150",3,,,系统匹配,3.3uF ±10% 10V,0603,容值:3.3uF 精度:±10% 额定电压:10V 温度系数:X5R,电容,https://item.szlcsc.com/52425.html,现货,4小时内发货,10,4000,4000,10,0.144,0,1.44,,系统匹配,3.3uF ±10% 10V,CL10A335KP8NNNC,SAMSUNG(三星),0603,容值：3.3uF 精度：±10% 额定电压：10V 温度系数：X5R,电容,C51412,https://item.szlcsc.com/52425.html,现货,4小时内发货,10,4000,4000,10,0.144,0,1.44,
CL31A476MPHNNNE,SAMSUNG(三星),C_1206_3216Metric,47uF,C96123,,,,13,"C151, C154",2,,,系统匹配,47uF ±20% 10V,1206,容值:47uF 精度:±20% 额定电压:10V 温度系数:X5R,电容,https://item.szlcsc.com/97327.html,现货,4小时内发货,5,2000,6080,5,0.8743,0,4.37,,系统匹配,47uF ±20% 10V,CL31A476MPHNNNE,SAMSUNG(三星),1206,容值：47uF 精度：±20% 额定电压：10V 温度系数：X5R,电容,C96123,https://item.szlcsc.com/97327.html,现货,4小时内发货,5,2000,5030,5,0.8743,0,4.37,
PRTR5V0U2X,R+O(宏嘉诚),SOT-143,PRTR5V0U2X,C53446675,,,,14,"D1, D2",2,,,系统匹配,"单向小电容ESD保护二极管,低漏电流、低钳位电压",SOT-143,反向截止电压(Vrwm):5V 钳位电压:15V 峰值脉冲电流(Ipp):5A 峰值脉冲功率(Ppp):75W 击穿电压(VBR):6V 反向电流(Ir):500nA 通道数:双路 工作温度:-55℃~+125℃ 类型:ESD Cj-结电容:0.65pF,三极管/MOS管/晶体管,https://item.szlcsc.com/56598097.html,现货,4小时内发货,5,3000,3550,5,0.5096,0,2.55,,系统匹配,单向小电容ESD保护二极管，低漏电流、低钳位电压,PRTR5V0U2X,R+O(宏嘉诚),SOT-143,反向截止电压(Vrwm)：5V 钳位电压：15V 峰值脉冲电流(Ipp)：5A 峰值脉冲功率(Ppp)：75W 击穿电压(VBR)：6V 反向电流(Ir)：500nA 通道数：双路 工作温度：-55℃~+125℃ 类型：ESD Cj-结电容：0.65pF,三极管/MOS管/晶体管,C53446675,https://item.szlcsc.com/56598097.html,现货,4小时内发货,5,3000,3550,5,0.5096,0,2.55,
SMBJ5A,,SMF,SMBJ5A,C113975,,,,15,D3,1,,,无法匹配,,,,,,,,,,,,,,,,系统匹配,双向TVS 5V截止 峰值脉冲电流：65.3A@10/1000us,SMBJ5.0CA,MDD(辰达半导体),DO-214AA(SMB),极性：双向 反向截止电压(Vrwm)：5V 钳位电压：9.2V 峰值脉冲电流(Ipp)：65.3A@10/1000us 峰值脉冲功率(Ppp)：600W@10/1000us 击穿电压(VBR)：7V 反向电流(Ir)：800uA 工作温度：-65℃~+150℃ 防护等级：- 类型：TVS Cj-结电容：-,三极管/MOS管/晶体管,C113975,https://item.szlcsc.com/115214.html,现货,4小时内发货,10,3000,374810,10,0.299,0,2.99,
,,,Vertical,C32713269,,,,16,J1,1,,,无法匹配,,,,,,,,,,,,,,,,系统匹配,1x3P 间距:2.54mm 方针 直插,HX PZ2.54-1x3P ZZ,hanxia(韩下),"插件,P=2.54mm",插针结构：1x3P 间距：2.54mm 行距：- 圆针/方针：方针 安装方式：直插 排数：单排 总PIN位数：3P 额定电流：3A 额定电压：1kV 配合针长度：6mm 塑高：2.5mm 端接针长度：3mm 触头材质：黄铜 触头镀层：金 工作温度：-40℃~+105℃ 颜色：黑色 附加特征：-,连接器,C32713269,https://item.szlcsc.com/34444549.html,现货,4小时内发货,5,2000,58190,5,0.1349,0,0.67,
X0800HI-17-N0HF,XKB Connection(中国星坤),RJ45_Amphenol_54602-x08_Horizontal,RJ45,C2881013,,,,17,"J2, J3, J4, J5",4,,,人工匹配,X0800HI-17-N0HF,P=0.8mm,连接器类型:- 间距:- 额定电流:- 额定电压:- 安装方式:- 行距:- 排数:- 每排PIN数:- 触头材质:- 触头镀层:- 工作温度:-,连接器,https://item.szlcsc.com/3091505.html,订货,预估7-10个工作日,1,500,0,4,3.3,0,13.20,,系统匹配,X0800HI-17-N0HF,X0800HI-17-N0HF,XKB Connection(中国星坤),P=0.8mm,连接器类型：- 间距：- 额定电流：- 额定电压：- 安装方式：- 行距：- 排数：- 每排PIN数：- 触头材质：- 触头镀层：- 工作温度：-,连接器,C2881013,https://item.szlcsc.com/3091505.html,订货,预估7-10个工作日,1,500,0,4,3.3,0,13.20,
,,,,C456021,,,,18,J6,1,,,无法匹配,,,,,,,,,,,,,,,,系统匹配,Type-A弯插双层母座,AF SS-JB17.6,SHOU HAN(首韩),弯插,连接器类型：Type-A 协议标准：USB 2.0 公母：母 安装方式：弯插 触点数量：4Px2 端口数量：2 额定电流 - 电源：1.5A 额定电压：30V 插拔寿命：5千次 附加特征：- 中心高度(CH)：- 体长(L)：17.6mm 胶芯颜色：白色 工作温度：-25℃~+85℃,连接器,C456021,https://item.szlcsc.com/458828.html,现货,4小时内发货,5,100,45880,5,0.801895,0,4.01,
,,,,C386763,,,,19,J7,1,,,无法匹配,,,,,,,,,,,,,,,,系统匹配,直插 不带LED,R-RJ45S08P-B000,Ckmtw(灿科盟),插件,连接器类型：RJ45插座 安装方式：直插 端口数量：1 LED：不带LED 屏蔽：有屏蔽 等级：- 附加特征：鱼叉脚(塑料) 触头材质：磷青铜 触头镀层：金 工作温度：0℃~+70℃,连接器,C386763,https://item.szlcsc.com/360870.html,现货,4小时内发货,1,80,30062,1,3.2,0,3.20,
RT0603BRD0710KL,YAGEO(国巨),R_0603_1608Metric,10kR,C95204,,,,20,"R1, R2, R65, R66, R68",5,,,系统匹配,薄膜电阻 10kΩ ±0.1% 100mW,0603,电阻类型:薄膜电阻 阻值:10kΩ 精度:±0.1% 功率:100mW 工作电压:75V 温度系数:±25ppm/℃ 工作温度:-55℃~+155℃,电阻,https://item.szlcsc.com/96405.html,现货,4小时内发货,20,5000,79360,20,0.1423,0,2.85,,系统匹配,薄膜电阻 10kΩ ±0.1% 100mW,RT0603BRD0710KL,YAGEO(国巨),0603,电阻类型：薄膜电阻 阻值：10kΩ 精度：±0.1% 功率：100mW 工作电压：75V 温度系数：±25ppm/℃ 工作温度：-55℃~+155℃,电阻,C95204,https://item.szlcsc.com/96405.html,现货,4小时内发货,20,5000,78920,20,0.1423,0,2.85,
RT0603BRD071KL,YAGEO(国巨),R_0603_1608Metric,1kR,C110776,,,,21,"R3, R4, R12, R14, R18, R19, R26, R28, R34, R35, R36, R37, R52, R54, R61, R62",16,,,系统匹配,薄膜电阻 1kΩ ±0.1% 100mW,0603,电阻类型:薄膜电阻 阻值:1kΩ 精度:±0.1% 功率:100mW 工作电压:75V 温度系数:±25ppm/℃ 工作温度:-55℃~+155℃,电阻,https://item.szlcsc.com/112001.html,现货,4小时内发货,20,5000,183440,20,0.1396,0,2.79,,系统匹配,薄膜电阻 1kΩ ±0.1% 100mW,RT0603BRD071KL,YAGEO(国巨),0603,电阻类型：薄膜电阻 阻值：1kΩ 精度：±0.1% 功率：100mW 工作电压：75V 温度系数：±25ppm/℃ 工作温度：-55℃~+155℃,电阻,C110776,https://item.szlcsc.com/112001.html,现货,4小时内发货,20,5000,183460,20,0.1396,0,2.79,
0603WAJ0121T5E,UNI-ROYAL(厚声),R_0603_1608Metric,120R,C25205,,,,22,"R5, R20, R39, R40",4,,,系统匹配,120Ω ±5% 100mW 厚膜电阻,0603,电阻类型:厚膜电阻 阻值:120Ω 精度:±5% 功率:100mW 工作电压:75V 温度系数:±100ppm/℃ 工作温度:-55℃~+155℃,电阻,https://item.szlcsc.com/25948.html,现货,4小时内发货,100,5000,221900,100,0.007,0,0.70,,系统匹配,120Ω ±5% 100mW 厚膜电阻,0603WAJ0121T5E,UNI-ROYAL(厚声),0603,电阻类型：厚膜电阻 阻值：120Ω 精度：±5% 功率：100mW 工作电压：75V 温度系数：±100ppm/℃ 工作温度：-55℃~+155℃,电阻,C25205,https://item.szlcsc.com/25948.html,现货,4小时内发货,100,5000,221800,100,0.007,0,0.70,
0603WAF8451T5E,UNI-ROYAL(厚声),R_0603_1608Metric,8.45kR,C14892,,,,23,"R6, R22, R45, R46",4,,,系统匹配,8.45kΩ ±1% 100mW 厚膜电阻,0603,电阻类型:厚膜电阻 阻值:8.45kΩ 精度:±1% 功率:100mW 工作电压:75V 温度系数:±100ppm/℃ 工作温度:-55℃~+155℃,电阻,https://item.szlcsc.com/15564.html,现货,4小时内发货,100,5000,63200,100,0.0085,0,0.85,,系统匹配,8.45kΩ ±1% 100mW 厚膜电阻,0603WAF8451T5E,UNI-ROYAL(厚声),0603,电阻类型：厚膜电阻 阻值：8.45kΩ 精度：±1% 功率：100mW 工作电压：75V 温度系数：±100ppm/℃ 工作温度：-55℃~+155℃,电阻,C14892,https://item.szlcsc.com/15564.html,现货,4小时内发货,100,5000,63200,100,0.0085,0,0.85,
0603WAF6191T5E,UNI-ROYAL(厚声),R_0603_1608Metric,6.19kR,C25978,,,,24,"R7, R21, R42, R44",4,,,系统匹配,6.19kΩ ±1% 100mW 厚膜电阻,0603,电阻类型:厚膜电阻 阻值:6.19kΩ 精度:±1% 功率:100mW 工作电压:75V 温度系数:±100ppm/℃ 工作温度:-55℃~+155℃,电阻,https://item.szlcsc.com/26721.html,现货,4小时内发货,100,5000,45700,100,0.0079,0,0.79,,系统匹配,6.19kΩ ±1% 100mW 厚膜电阻,0603WAF6191T5E,UNI-ROYAL(厚声),0603,电阻类型：厚膜电阻 阻值：6.19kΩ 精度：±1% 功率：100mW 工作电压：75V 温度系数：±100ppm/℃ 工作温度：-55℃~+155℃,电阻,C25978,https://item.szlcsc.com/26721.html,现货,4小时内发货,100,5000,45700,100,0.0079,0,0.79,
0603WAF2151T5E,UNI-ROYAL(厚声),R_0603_1608Metric,2.15kR,C22901,,,,25,"R8, R23, R47, R48",4,,,系统匹配,2.15kΩ ±1% 100mW 厚膜电阻,0603,电阻类型:厚膜电阻 阻值:2.15kΩ 精度:±1% 功率:100mW 工作电压:75V 温度系数:±100ppm/℃ 工作温度:-55℃~+155℃,电阻,https://item.szlcsc.com/23628.html,现货,4小时内发货,100,5000,300,100,0.0075,0,0.75,,系统匹配,2.15kΩ ±1% 100mW 厚膜电阻,0603WAF2151T5E,UNI-ROYAL(厚声),0603,电阻类型：厚膜电阻 阻值：2.15kΩ 精度：±1% 功率：100mW 工作电压：75V 温度系数：±100ppm/℃ 工作温度：-55℃~+155℃,电阻,C22901,https://item.szlcsc.com/23628.html,现货,4小时内发货,100,5000,300,100,0.0075,0,0.75,
RT0603BRD073K92L,YAGEO(国巨),R_0603_1608Metric,3.92kR,C728591,,,,26,"R9, R24, R49, R50",4,,,系统匹配,薄膜电阻 3.92kΩ ±0.1% 100mW,0603,电阻类型:薄膜电阻 阻值:3.92kΩ 精度:±0.1% 功率:100mW 工作电压:75V 温度系数:±25ppm/℃ 工作温度:-55℃~+155℃,电阻,https://item.szlcsc.com/775906.html,现货,4小时内发货,20,5000,2740,20,0.1671,0,3.34,,系统匹配,薄膜电阻 3.92kΩ ±0.1% 100mW,RT0603BRD073K92L,YAGEO(国巨),0603,电阻类型：薄膜电阻 阻值：3.92kΩ 精度：±0.1% 功率：100mW 工作电压：75V 温度系数：±25ppm/℃ 工作温度：-55℃~+155℃,电阻,C728591,https://item.szlcsc.com/775906.html,现货,4小时内发货,20,5000,2740,20,0.1671,0,3.34,
RT0603BRE078KL,YAGEO(国巨),R_0603_1608Metric,8kR,C862311,,,,27,"R10, R27, R57, R58",4,,,系统匹配,薄膜电阻 8kΩ ±0.1% 100mW,0603,电阻类型:薄膜电阻 阻值:8kΩ 精度:±0.1% 功率:100mW 工作电压:75V 温度系数:±50ppm/℃ 工作温度:-55℃~+155℃,电阻,https://item.szlcsc.com/922391.html,现货,4小时内发货,20,5000,3440,20,0.1851,0,3.70,,系统匹配,薄膜电阻 8kΩ ±0.1% 100mW,RT0603BRE078KL,YAGEO(国巨),0603,电阻类型：薄膜电阻 阻值：8kΩ 精度：±0.1% 功率：100mW 工作电压：75V 温度系数：±50ppm/℃ 工作温度：-55℃~+155℃,电阻,C862311,https://item.szlcsc.com/922391.html,现货,4小时内发货,20,5000,3440,20,0.1851,0,3.70,
CR167001F,Meritek,R_0603_1608Metric,7kR,C4151218,,,,28,"R11, R25, R51, R53",4,,,系统匹配,厚膜电阻 7kΩ ±1% 100mW,0603,电阻类型:厚膜电阻 阻值:7kΩ 精度:±1% 功率:100mW 温度系数:±100ppm/℃ 工作温度:-55℃~+155℃,电阻,https://item.szlcsc.com/4720521.html,订货,预估7-10个工作日,1,5000,0,4,0.0105,0,0.04,,系统匹配,厚膜电阻 7kΩ ±1% 100mW,CR167001F,Meritek,0603,电阻类型：厚膜电阻 阻值：7kΩ 精度：±1% 功率：100mW 温度系数：±100ppm/℃ 工作温度：-55℃~+155℃,电阻,C4151218,https://item.szlcsc.com/4720521.html,订货,预估7-10个工作日,1,5000,0,4,0.0105,0,0.04,
0603WAF2672T5E,UNI-ROYAL(厚声),R_0603_1608Metric,26.7kR,C22923,,,,29,"R13, R31, R33, R41",4,,,系统匹配,26.7kΩ ±1% 100mW 厚膜电阻,0603,电阻类型:厚膜电阻 阻值:26.7kΩ 精度:±1% 功率:100mW 工作电压:75V 温度系数:±100ppm/℃ 工作温度:-55℃~+155℃,电阻,https://item.szlcsc.com/23650.html,现货,4小时内发货,100,5000,20400,100,0.0082,0,0.82,,系统匹配,26.7kΩ ±1% 100mW 厚膜电阻,0603WAF2672T5E,UNI-ROYAL(厚声),0603,电阻类型：厚膜电阻 阻值：26.7kΩ 精度：±1% 功率：100mW 工作电压：75V 温度系数：±100ppm/℃ 工作温度：-55℃~+155℃,电阻,C22923,https://item.szlcsc.com/23650.html,现货,4小时内发货,100,5000,20400,100,0.0082,0,0.82,
0402WGF499JTCE,UNI-ROYAL(厚声),R_0402_1005Metric,49.9R,C25120,,,,30,"R15, R16, R29, R30, R55, R56, R59, R60",8,,,系统匹配,49.9Ω ±1% 62.5mW 厚膜电阻,0402,电阻类型:厚膜电阻 阻值:49.9Ω 精度:±1% 功率:62.5mW 工作电压:50V 温度系数:±100ppm/℃ 工作温度:-55℃~+155℃,电阻,https://item.szlcsc.com/25863.html,现货,4小时内发货,100,10000,3660000,100,0.005643,0,0.56,,系统匹配,49.9Ω ±1% 62.5mW 厚膜电阻,0402WGF499JTCE,UNI-ROYAL(厚声),0402,电阻类型：厚膜电阻 阻值：49.9Ω 精度：±1% 功率：62.5mW 工作电压：50V 温度系数：±100ppm/℃ 工作温度：-55℃~+155℃,电阻,C25120,https://item.szlcsc.com/25863.html,现货,4小时内发货,100,10000,3659900,100,0.005643,0,0.56,
0603WAF1242T5E,UNI-ROYAL(厚声),R_0603_1608Metric,12.4kR,C22865,,,,31,"R17, R32, R38, R43",4,,,系统匹配,12.4kΩ ±1% 100mW 厚膜电阻,0603,电阻类型:厚膜电阻 阻值:12.4kΩ 精度:±1% 功率:100mW 工作电压:75V 温度系数:±100ppm/℃ 工作温度:-55℃~+155℃,电阻,https://item.szlcsc.com/23592.html,现货,4小时内发货,100,5000,11600,100,0.008811,0,0.88,,系统匹配,12.4kΩ ±1% 100mW 厚膜电阻,0603WAF1242T5E,UNI-ROYAL(厚声),0603,电阻类型：厚膜电阻 阻值：12.4kΩ 精度：±1% 功率：100mW 工作电压：75V 温度系数：±100ppm/℃ 工作温度：-55℃~+155℃,电阻,C22865,https://item.szlcsc.com/23592.html,现货,4小时内发货,100,5000,11600,100,0.008811,0,0.88,
0603WAF3902T5E,UNI-ROYAL(厚声),R_0603_1608Metric,39kR,C23153,,,,32,R63,1,,,系统匹配,39kΩ ±1% 100mW 厚膜电阻,0603,电阻类型:厚膜电阻 阻值:39kΩ 精度:±1% 功率:100mW 工作电压:75V 温度系数:±100ppm/℃ 工作温度:-55℃~+155℃,电阻,https://item.szlcsc.com/23880.html,现货,4小时内发货,100,5000,503200,100,0.0093,0,0.93,,系统匹配,39kΩ ±1% 100mW 厚膜电阻,0603WAF3902T5E,UNI-ROYAL(厚声),0603,电阻类型：厚膜电阻 阻值：39kΩ 精度：±1% 功率：100mW 工作电压：75V 温度系数：±100ppm/℃ 工作温度：-55℃~+155℃,电阻,C23153,https://item.szlcsc.com/23880.html,现货,4小时内发货,100,5000,503200,100,0.0093,0,0.93,
0603WAJ0203T5E,UNI-ROYAL(厚声),R_0603_1608Metric,20kR,C25586,,,,33,R64,1,,,系统匹配,20kΩ ±5% 100mW 厚膜电阻,0603,电阻类型:厚膜电阻 阻值:20kΩ 精度:±5% 功率:100mW 工作电压:75V 温度系数:±100ppm/℃ 工作温度:-55℃~+155℃,电阻,https://item.szlcsc.com/26329.html,现货,4小时内发货,100,5000,215400,100,0.0076,0,0.76,,系统匹配,20kΩ ±5% 100mW 厚膜电阻,0603WAJ0203T5E,UNI-ROYAL(厚声),0603,电阻类型：厚膜电阻 阻值：20kΩ 精度：±5% 功率：100mW 工作电压：75V 温度系数：±100ppm/℃ 工作温度：-55℃~+155℃,电阻,C25586,https://item.szlcsc.com/26329.html,现货,4小时内发货,100,5000,215400,100,0.0076,0,0.76,
0603WAF2402T5E,UNI-ROYAL(厚声),R_0603_1608Metric,24kR,C23352,,,,34,R67,1,,,系统匹配,24kΩ ±1% 100mW 厚膜电阻,0603,电阻类型:厚膜电阻 阻值:24kΩ 精度:±1% 功率:100mW 工作电压:75V 温度系数:±100ppm/℃ 工作温度:-55℃~+155℃,电阻,https://item.szlcsc.com/24085.html,现货,4小时内发货,100,5000,101000,100,0.009009,0,0.90,,系统匹配,24kΩ ±1% 100mW 厚膜电阻,0603WAF2402T5E,UNI-ROYAL(厚声),0603,电阻类型：厚膜电阻 阻值：24kΩ 精度：±1% 功率：100mW 工作电压：75V 温度系数：±100ppm/℃ 工作温度：-55℃~+155℃,电阻,C23352,https://item.szlcsc.com/24085.html,现货,4小时内发货,100,5000,100900,100,0.009009,0,0.90,
0603WAJ0473T5E,UNI-ROYAL(厚声),R_0603_1608Metric,47kR,C25600,,,,35,R69,1,,,系统匹配,47kΩ ±5% 100mW 厚膜电阻,0603,电阻类型:厚膜电阻 阻值:47kΩ 精度:±5% 功率:100mW 工作电压:75V 温度系数:±100ppm/℃ 工作温度:-55℃~+155℃,电阻,https://item.szlcsc.com/26343.html,现货,4小时内发货,100,5000,16400,100,0.0072,0,0.72,,系统匹配,47kΩ ±5% 100mW 厚膜电阻,0603WAJ0473T5E,UNI-ROYAL(厚声),0603,电阻类型：厚膜电阻 阻值：47kΩ 精度：±5% 功率：100mW 工作电压：75V 温度系数：±100ppm/℃ 工作温度：-55℃~+155℃,电阻,C25600,https://item.szlcsc.com/26343.html,现货,4小时内发货,100,5000,16400,100,0.0072,0,0.72,
0603WAJ0153T5E,UNI-ROYAL(厚声),R_0603_1608Metric,15kR,C25581,,,,36,R70,1,,,系统匹配,15kΩ ±5% 100mW 厚膜电阻,0603,电阻类型:厚膜电阻 阻值:15kΩ 精度:±5% 功率:100mW 工作电压:75V 温度系数:±100ppm/℃ 工作温度:-55℃~+155℃,电阻,https://item.szlcsc.com/26324.html,现货,4小时内发货,100,5000,65500,100,0.006831,0,0.68,,系统匹配,15kΩ ±5% 100mW 厚膜电阻,0603WAJ0153T5E,UNI-ROYAL(厚声),0603,电阻类型：厚膜电阻 阻值：15kΩ 精度：±5% 功率：100mW 工作电压：75V 温度系数：±100ppm/℃ 工作温度：-55℃~+155℃,电阻,C25581,https://item.szlcsc.com/26324.html,现货,4小时内发货,100,5000,65600,100,0.006831,0,0.68,
FSMSM,TE Connectivity(泰科电子),SW_SPST_FSMSM,SW_MEC_5G,C7278475,,,,37,SW1,1,,,系统匹配,24V 50mA,"SMD,6x3.5mm",电路结构:单刀单掷-常开 按钮形状:圆形按钮 作用力:1.8N 安装方式:立贴 开关长度:2.99mm 开关宽度:1.07mm 开关高度:4.57mm 触点电流:50mA 额定电压:24V 引脚样式:鸥翼型 工作寿命:2万次 工作温度:-35℃~+85℃,按键/开关,https://item.szlcsc.com/8247649.html,现货,4小时内发货,5,1000,1250,5,2.4051,0,12.03,,系统匹配,24V 50mA,FSMSM,TE Connectivity(泰科电子),"SMD,6x3.5mm",电路结构：单刀单掷-常开 按钮形状：圆形按钮 作用力：1.8N 安装方式：立贴 开关长度：2.99mm 开关宽度：1.07mm 开关高度：4.57mm 触点电流：50mA 额定电压：24V 引脚样式：鸥翼型 工作寿命：2万次 工作温度：-35℃~+85℃,按键/开关,C7278475,https://item.szlcsc.com/8247649.html,现货,4小时内发货,5,1000,1250,5,2.4051,0,12.03,
PS-22F02-S-B,HOOYA(皓宇电子),SW-TH_G-SWITCH-PS-22F03N,PS-22F02,C2939306,,,,38,SW2,1,,,系统匹配,PS-22F02-S-B,插件,电路结构:双刀双掷 开关高度:24.6mm 开关长度:10mm 开关宽度:7.75mm 按键形状:方形柱塞 按键/盖帽颜色:黑色,按键/开关,https://item.szlcsc.com/3300253.html,现货,4小时内发货,5,500,555,5,0.80807,0,4.04,,系统匹配,PS-22F02-S-B,PS-22F02-S-B,HOOYA(皓宇电子),插件,电路结构：双刀双掷 开关高度：24.6mm 开关长度：10mm 开关宽度：7.75mm 按键形状：方形柱塞 按键/盖帽颜色：黑色,按键/开关,C2939306,https://item.szlcsc.com/3300253.html,现货,4小时内发货,5,500,555,5,0.80807,0,4.04,
STM32G473QE,,LQFP-128,,C730119,,,,39,U1,1,,,无法匹配,,,,,,,,,,,,,,,,系统匹配,带DSP和FPU的170MHz主流ARM Cortex-M4 MCU，具有512 KB Flash存储器、数学加速器和高模拟电平集成,STM32G473QET6,ST(意法半导体),LQFP-128(14x14),CPU内核：ARM Cortex-M4 CPU最大主频：170MHz CPU位数：32 Bit 程序存储容量：512KB 程序存储器类型：FLASH RAM容量：128KB EEPROM容量：- I/O数量：107 ADC(位数)：12bit DAC(位数)：12bit 振荡器类型：内置 工作电压：1.71V~3.6V 工作温度：-40℃~+85℃,单片机/微控制器,C730119,https://item.szlcsc.com/778074.html,现货,4小时内发货,1,540,2,1,106.01,0,106.01,
,,,I,C1349134,,,,40,U2,1,,,无法匹配,,,,,,,,,,,,,,,,系统匹配,IS61WV204816BLL 10TLI,IS61WV204816BLL-10TLI,ISSI(美国芯成),TSOPI-48,存储容量：32Mbit 工作电压：2.4V~3.6V 读写时间：10ns 工作温度：-40℃~+85℃ 工作电流：100mA 待机电流：60mA 功能特性：自动掉电功能,存储器,C1349134,https://item.szlcsc.com/1439417.html,现货,4小时内发货,1,96,601,1,176.16,0,176.16,
ADG704BRMZ,ADI(亚德诺),TSSOP-10_3x3mm_P0.5mm,ADG704BRMZ,C579087,,,,41,U3,1,,,系统匹配,"低电压4欧姆,4通道多路复用器",MSOP-10,开关电路:4:1 通道数:1 导通电阻(Ron):4.5Ω 工作电压:1.8V~5.5V 导通电容(Con):54pF 导通时间(ton):20ns 关闭时间(toff):13ns 带宽:200MHz 工作温度:-40℃~+85℃ 传播延迟(tpd):- 功能特性:双向模拟通道;无毛刺切换,通信接口芯片,https://item.szlcsc.com/606864.html,现货,4小时内发货,1,50,468,1,10.6,0,10.60,,系统匹配,"低电压4欧姆,4通道多路复用器",ADG704BRMZ,ADI(亚德诺),MSOP-10,开关电路：4:1 通道数：1 导通电阻(Ron)：4.5Ω 工作电压：1.8V~5.5V 导通电容(Con)：54pF 导通时间(ton)：20ns 关闭时间(toff)：13ns 带宽：200MHz 工作温度：-40℃~+85℃ 传播延迟(tpd)：- 功能特性：双向模拟通道；无毛刺切换,通信接口芯片,C579087,https://item.szlcsc.com/606864.html,现货,4小时内发货,1,50,468,1,10.6,0,10.60,
INA828ID,TI(德州仪器),SOIC-8_3.9x4.9mm_P1.27mm,INA828,C2859700,,,,42,"U4, U7, U11, U14, U16, U20, U21, U22",8,,,人工匹配,INA828ID,SOIC-8,放大器数:单路 输入偏置电流(Ib):150pA 输入失调电压(Vos):20uV 增益带宽积(GBP):- 压摆率(SR):1.2V/us 工作温度:-40℃~+125℃ 功能特性:外部电阻增益;过压保护;EMI滤波/RF抑制,运算放大器/比较器,https://item.szlcsc.com/3064377.html,现货,4小时内发货,1,75,50,8,7.26,0,58.08,,系统匹配,INA828ID,INA828ID,TI(德州仪器),SOIC-8,放大器数：单路 输入偏置电流(Ib)：150pA 输入失调电压(Vos)：20uV 增益带宽积(GBP)：- 压摆率(SR)：1.2V/us 工作温度：-40℃~+125℃ 功能特性：外部电阻增益；过压保护；EMI滤波/RF抑制,运算放大器/比较器,C2859700,https://item.szlcsc.com/3064377.html,现货,4小时内发货,1,75,50,8,7.26,0,58.08,
OPA2192IDR,TI(德州仪器),SOIC-8_3.9x4.9mm_P1.27mm,OPA2192,C110074,,,,43,"U5, U6, U12, U13, U24, U25, U26, U27",8,,,人工匹配,36V、精密、轨到轨输入/输出、低失调电压、低输入偏置电流、带e-trim技术的运算放大器,SOIC-8,"放大器数:双路 单电源电压:4.5V~36V 双电源(Vee~Vcc):-18V~-2.25V;2.25V~18V 输入失调电压(Vos):5uV 输入失调电压温漂(Vos TC):200nV/℃ 增益带宽积(GBW):10MHz 轨到轨:轨到轨输入,轨到轨输出 压摆率(SR):20V/us 共模抑制比(CMRR):140dB 输入电压噪声密度(eN):5.5nV/√Hz@1kHz 输入偏置电流(Ib):5pA 静态电流(Iq):1mA 输出电流:65mA 输入失调电流(Ios):2pA 工作温度:-40℃~+125℃ 功能特性:EMI滤波/RF抑制;零漂移/自动稳零",运算放大器/比较器,https://item.szlcsc.com/111295.html,现货,4小时内发货,1,2500,42250,8,7.29,0,58.32,,系统匹配,36V、精密、轨到轨输入/输出、低失调电压、低输入偏置电流、带e-trim技术的运算放大器,OPA2192IDR,TI(德州仪器),SOIC-8,"放大器数：双路 单电源电压：4.5V~36V 双电源(Vee~Vcc)：-18V~-2.25V；2.25V~18V 输入失调电压(Vos)：5uV 输入失调电压温漂(Vos TC)：200nV/℃ 增益带宽积(GBW)：10MHz 轨到轨：轨到轨输入,轨到轨输出 压摆率(SR)：20V/us 共模抑制比(CMRR)：140dB 输入电压噪声密度(eN)：5.5nV/√Hz@1kHz 输入偏置电流(Ib)：5pA 静态电流(Iq)：1mA 输出电流：65mA 输入失调电流(Ios)：2pA 工作温度：-40℃~+125℃ 功能特性：EMI滤波/RF抑制；零漂移/自动稳零",运算放大器/比较器,C110074,https://item.szlcsc.com/111295.html,现货,4小时内发货,1,2500,42252,8,7.29,0,58.32,
SGM2059-ADJXN5G/TR,SGMICRO(圣邦微),SOT-23-5,SGM2059,C5152783,,,,44,"U8, U15, U17, U23, U35",5,,,人工匹配,793mV~5V 300mA 5.5V,SOT-23-5,输出极性:正极 工作电压:5.5V 输出电压:793mV~5V 输出电流:300mA 电源纹波抑制比(PSRR):92dB@(1kHz) 压差:72mV@(300mA) 静态电流(Iq):13uA 噪声:9.5uVrms 功能特性:短路保护;使能控制;过流保护;反极性电流保护;输出放电;热关断 工作温度:-40℃~+125℃ 输出类型:可调 输出通道数:1,电源管理,https://item.szlcsc.com/5779511.html,现货,4小时内发货,5,3000,5845,5,2.03,0,10.15,,系统匹配,793mV~5V 300mA 5.5V,SGM2059-ADJXN5G/TR,SGMICRO(圣邦微),SOT-23-5,输出极性：正极 工作电压：5.5V 输出电压：793mV~5V 输出电流：300mA 电源纹波抑制比(PSRR)：92dB@(1kHz) 压差：72mV@(300mA) 静态电流(Iq)：13uA 噪声：9.5uVrms 功能特性：短路保护；使能控制；过流保护；反极性电流保护；输出放电；热关断 工作温度：-40℃~+125℃ 输出类型：可调 输出通道数：1,电源管理,C5152783,https://item.szlcsc.com/5779511.html,现货,4小时内发货,5,3000,5845,5,2.03,0,10.15,
ADG619,,SOT-23-8,,C88062,,,,45,"U9, U10, U18, U19",4,,,无法匹配,,,,,,,,,,,,,,,,系统匹配,CMOS单刀双掷开关,ADG619BRTZ-REEL7,ADI(亚德诺),SOT-23-8,开关电路：2:1 通道数：1 导通电阻(Ron)：4Ω 工作电压：2.7V~5.5V；-5.5V~-2.7V 导通电容(Con)：95pF 导通时间(ton)：120ns 关闭时间(toff)：110ns 带宽：190MHz 工作温度：-40℃~+85℃ 传播延迟(tpd)：- 功能特性：双向模拟通道；无毛刺切换,通信接口芯片,C88062,https://item.szlcsc.com/89240.html,现货,4小时内发货,1,3000,3780,4,14.96,0,59.84,
OPA197,,SOT-23-5,,C221351,,,,46,U28,1,,,无法匹配,,,,,,,,,,,,,,,,系统匹配,36V精密、轨到轨输入/输出、低失调电压运算放大器,OPA197IDBVR,TI(德州仪器),SOT-23-5,"放大器数：1 最大电源宽度(Vdd-Vss)：36V 轨到轨：轨到轨输入,轨到轨输出 增益带宽积(GBW)：10MHz 输入失调电压(Vos)：100uV 输入失调电压温漂(Vos TC)：2.5uV/℃ 压摆率(SR)：20V/us 输入偏置电流(Ib)：5pA 输入失调电流(Ios)：20pA 输入电压噪声密度(eN)：5.5nV/√Hz@1kHz 共模抑制比(CMRR)：140dB 输入失调电流温漂(Ios TC)：- 静态电流(Iq)：1mA 输出电流：65mA 工作温度：-40℃~+125℃ 单电源电压：4.5V~36V 双电源电压(Vee~Vcc)：2.25V~18V；-18V~-2.25V 功能特性：EMI滤波/RF抑制",运算放大器/比较器,C221351,https://item.szlcsc.com/221743.html,现货,4小时内发货,1,3000,4,1,6.06,0,6.06,
SN74LVC1G07DBVR,TI(德州仪器),SOT-23-5,74LVC1G07,C7829,,,,47,U29,1,,,人工匹配,"单路缓冲器/驱动器,漏极开路输出",SOT-23-5,"输入类型:- 输出类型:开漏 工作电压:1.65V~5.5V 元件数:1 每个元件位数:1 通道类型:单向 灌电流(IOL):32mA 拉电流(IOH):- 系列:74LVC 工作温度:-40℃~+125℃ 静态电流(Iq):10uA 传播延迟(tpd):4.2ns@3.3V,50pF 功能特性:掉电隔离;电平转换",逻辑器件,https://item.szlcsc.com/8306.html,现货,4小时内发货,5,3000,4440,5,0.5591,0,2.80,,系统匹配,单路缓冲器/驱动器，漏极开路输出,SN74LVC1G07DBVR,TI(德州仪器),SOT-23-5,"输入类型：- 输出类型：开漏 工作电压：1.65V~5.5V 元件数：1 每个元件位数：1 通道类型：单向 灌电流(IOL)：32mA 拉电流(IOH)：- 系列：74LVC 工作温度：-40℃~+125℃ 静态电流(Iq)：10uA 传播延迟(tpd)：4.2ns@3.3V,50pF 功能特性：掉电隔离；电平转换",逻辑器件,C7829,https://item.szlcsc.com/8306.html,现货,4小时内发货,5,3000,4440,5,0.5591,0,2.80,
,,SOIC-8,,C2832998,,,,48,U30,1,,,无法匹配,,,,,,,,,,,,,,,,系统匹配,双路和四路串行闪存,GD25Q32ESIGR,GigaDevice(兆易创新),SOP-8-208mil,接口类型：SPI 存储容量：32Mbit 时钟频率(fc)：133MHz 工作电压：2.7V~3.6V 待机电流：12uA 擦写寿命：100000次 页写入时间(Tpp)：500us 块擦除时间(tBE)：150ms@(32KB) 数据保留 - TDR(年)：20年 工作温度：- 功能特性：硬件写保护；绝对写保护；写使能锁存；软件写保护,存储器,C2832998,https://item.szlcsc.com/2992372.html,现货,4小时内发货,1,2000,39079,1,5.57,0,5.57,
SGM3204YN6G/TR,SGMICRO(圣邦微),SOT-23-6,SGM3204,C194031,,,,49,U31,1,,,人工匹配,非稳压200mA电荷泵电压反相器,SOT-23-6,功能类型:反相 工作电压:1.4V~5.5V 输出电流(Iout):200mA 静态电流(Iq):1.84mA 输出电阻:4.2Ω 能量效率:80% 开关频率:950kHz 工作温度:-40℃~+85℃ 功能特性:低功耗待机,电源管理,https://item.szlcsc.com/234001.html,现货,4小时内发货,1,3000,9324,1,7.84,0,7.84,,系统匹配,非稳压200mA电荷泵电压反相器,SGM3204YN6G/TR,SGMICRO(圣邦微),SOT-23-6,功能类型：反相 工作电压：1.4V~5.5V 输出电流(Iout)：200mA 静态电流(Iq)：1.84mA 输出电阻：4.2Ω 能量效率：80% 开关频率：950kHz 工作温度：-40℃~+85℃ 功能特性：低功耗待机,电源管理,C194031,https://item.szlcsc.com/234001.html,现货,4小时内发货,1,3000,9324,1,7.84,0,7.84,
,Texas,5x5mm,,C90084,,,,50,U32,1,,,无法匹配,,,,,,,,,,,,,,,,系统匹配,1.4V~34V 1A 35V,TPS7A4701RGWR,TI(德州仪器),VQFN-20-EP(5x5),输出极性：正极 工作电压：35V 输出电压：1.4V~34V 输出电流：1A 电源纹波抑制比(PSRR)：78dB@(1kHz) 压差：307mV@(1A) 静态电流(Iq)：- 噪声：4uVrms 功能特性：使能控制；过流保护；噪声旁路端子；内置软启动；热关断；输入欠压保护 工作温度：-40℃~+125℃@(Tj) 输出类型：可调 输出通道数：1,电源管理,C90084,https://item.szlcsc.com/91269.html,现货,4小时内发货,1,3000,10,1,15.53,0,15.53,
TPS7A3301RGWT,TI(德州仪器),Texas_RGW0020A_VQFN-20-1EP_5x5mm_P0.65mm_EP3.15x3.15mm_ThermalVias,TPS7A3301RGW,C68215,,,,51,U33,1,,,人工匹配,1.18V~33V 1A 3V,VQFN-20-EP(5x5),输出极性:负极 工作电压:3V 输出电压:1.18V~33V 输出电流:1A 电源纹波抑制比(PSRR):72dB@(10kHz) 压差:800mV@(1A) 静态电流(Iq):- 噪声:16uVrms 功能特性:输入欠压保护;使能控制;热关断;可调软启动;过流保护 工作温度:-40℃~+125℃ 输出类型:可调 输出通道数:1,电源管理,https://item.szlcsc.com/69317.html,现货,4小时内发货,1,250,271,1,20.4,0,20.40,,系统匹配,1.18V~33V 1A 3V,TPS7A3301RGWT,TI(德州仪器),VQFN-20-EP(5x5),输出极性：负极 工作电压：3V 输出电压：1.18V~33V 输出电流：1A 电源纹波抑制比(PSRR)：72dB@(10kHz) 压差：800mV@(1A) 静态电流(Iq)：- 噪声：16uVrms 功能特性：输入欠压保护；使能控制；热关断；可调软启动；过流保护 工作温度：-40℃~+125℃ 输出类型：可调 输出通道数：1,电源管理,C68215,https://item.szlcsc.com/69317.html,现货,4小时内发货,1,250,271,1,20.4,0,20.40,
AMS1117-3.3,UMW(友台半导体),SOT-223-3_TabPin2,AMS1117-3.3,C347222,,,,52,U34,1,,,系统匹配,3.3V 1A 12V,SOT-223,输出极性:正极 工作电压:12V 输出电压:3.3V 输出电流:1A 电源纹波抑制比(PSRR):60dB@(120Hz) 压差:1.3V@(1A) 静态电流(Iq):5mA 噪声:0.003%Vout 功能特性:过流保护 工作温度:-40℃~+125℃ 输出类型:固定 输出通道数:1,电源管理,https://item.szlcsc.com/323882.html,现货,4小时内发货,10,2500,979180,10,0.2626,0,2.63,,系统匹配,3.3V 1A 12V,AMS1117-3.3,UMW(友台半导体),SOT-223,输出极性：正极 工作电压：12V 输出电压：3.3V 输出电流：1A 电源纹波抑制比(PSRR)：60dB@(120Hz) 压差：1.3V@(1A) 静态电流(Iq)：5mA 噪声：0.003%Vout 功能特性：过流保护 工作温度：-40℃~+125℃ 输出类型：固定 输出通道数：1,电源管理,C347222,https://item.szlcsc.com/323882.html,现货,4小时内发货,10,2500,979160,10,0.2626,0,2.63,
,YXC(扬兴晶振),SMD2016-4P,,C2965580,,,,53,Y1,1,,,人工匹配,YSX321SL 25MHZ 4P 3225 12PF ±10PPM -40~85℃ (±20PPM),SMD3225-4P,晶振类型:贴片晶振 频率:25MHz 常温频差:±10ppm 负载电容:12pF 频率稳定度:±20ppm 工作温度:-40℃~+85℃,振荡器/谐振器,https://item.szlcsc.com/9526.html,现货,4小时内发货,10,3000,218120,10,0.4544,0,4.54,,系统匹配,YSX211SL 24MHZ 8PF ±10PPM -40~85℃,XL7EL89CKI-111YLC-24M,YXC(扬兴晶振),SMD2016-4P,晶振类型：贴片晶振 频率：24MHz 常温频差：±10ppm 负载电容：8pF 频率稳定度：±20ppm 等效串联电阻(ESR)：- 工作温度：-40℃~+85℃,振荡器/谐振器,C2965580,https://item.szlcsc.com/3357716.html,现货,4小时内发货,10,3000,83150,10,0.43757,0,4.38,
